feature,cramers_v
Property_Area,0.1681281472862032
Gender,0.13316925333835575
Married,0.09247269444932864
Education,0.05558582125898855
Self_Employed,0.054188554086301
