LoanToIncome,count,approve_rate
"(0.00152, 0.0163]",55,0.7090909090909091
"(0.0163, 0.0203]",54,0.6851851851851852
"(0.0203, 0.0227]",54,0.7222222222222222
"(0.0227, 0.0247]",55,0.6909090909090909
"(0.0247, 0.0271]",54,0.8148148148148148
"(0.0271, 0.0298]",54,0.7037037037037037
"(0.0298, 0.0692]",55,0.6545454545454545
