Property_Area,0,1
Rural,0.3867924528301887,0.6132075471698113
Semiurban,0.20134228187919462,0.7986577181208053
Urban,0.30952380952380953,0.6904761904761905
