Gender,0,1
Female,0.3058823529411765,0.6941176470588235
Male,0.27491408934707906,0.7250859106529209
