Education,0,1
Graduate,0.2733812949640288,0.7266187050359713
Not Graduate,0.3300970873786408,0.6699029126213593
