Self_Employed,0,1
No,0.2923076923076923,0.7076923076923077
Yes,0.3142857142857143,0.6857142857142857
