Married,0,1
No,0.33986928104575165,0.6601307189542484
Yes,0.2543859649122807,0.7456140350877193
