{
  "accuracy": 0.8701298701298701,
  "roc_auc": 0.7991735537190083,
  "precision": 0.8571428571428571,
  "recall": 0.9818181818181818,
  "f1": 0.9152542372881356,
  "confusion_matrix": [
    [
      13,
      9
    ],
    [
      1,
      54
    ]
  ],
  "report": "              precision    recall  f1-score   support\n\n           0      0.929     0.591     0.722        22\n           1      0.857     0.982     0.915        55\n\n    accuracy                          0.870        77\n   macro avg      0.893     0.786     0.819        77\nweighted avg      0.878     0.870     0.860        77\n"
}