{
  "threshold_youden": 0.7372504472732544,
  "precision": 0.8793103448275862,
  "recall": 0.9272727272727272,
  "f1": 0.9026548672566371,
  "confusion_matrix": [
    [
      15,
      7
    ],
    [
      4,
      51
    ]
  ],
  "report": "              precision    recall  f1-score   support\n\n           0      0.789     0.682     0.732        22\n           1      0.879     0.927     0.903        55\n\n    accuracy                          0.857        77\n   macro avg      0.834     0.805     0.817        77\nweighted avg      0.854     0.857     0.854        77\n"
}