{
  "logreg_baseline": {
    "test_roc_auc": [
      0.5439276485788114,
      0.8320413436692506,
      0.6679586563307494,
      0.7299465240641712,
      0.8440492476060191
    ],
    "test_accuracy": [
      0.6557377049180327,
      0.7213114754098361,
      0.7868852459016393,
      0.6885245901639344,
      0.7666666666666667
    ],
    "test_precision": [
      0.75,
      0.8611111111111112,
      0.8125,
      0.8378378378378378,
      0.8918918918918919
    ],
    "test_recall": [
      0.7674418604651163,
      0.7209302325581395,
      0.9069767441860465,
      0.7045454545454546,
      0.7674418604651163
    ],
    "test_f1": [
      0.7586206896551724,
      0.7848101265822784,
      0.8571428571428571,
      0.7654320987654321,
      0.825
    ]
  },
  "rf_baseline": {
    "test_roc_auc": [
      0.6666666666666667,
      0.8746770025839794,
      0.7687338501291989,
      0.820855614973262,
      0.7961696306429549
    ],
    "test_accuracy": [
      0.7540983606557377,
      0.8524590163934426,
      0.7704918032786885,
      0.8360655737704918,
      0.85
    ],
    "test_precision": [
      0.7592592592592593,
      0.8541666666666666,
      0.7843137254901961,
      0.8695652173913043,
      0.8863636363636364
    ],
    "test_recall": [
      0.9534883720930233,
      0.9534883720930233,
      0.9302325581395349,
      0.9090909090909091,
      0.9069767441860465
    ],
    "test_f1": [
      0.845360824742268,
      0.9010989010989011,
      0.851063829787234,
      0.8888888888888888,
      0.896551724137931
    ]
  },
  "xgb_baseline": {
    "test_roc_auc": [
      0.6498708010335918,
      0.9289405684754521,
      0.7984496124031008,
      0.8074866310160427,
      0.8166894664842681
    ],
    "test_accuracy": [
      0.7049180327868853,
      0.8524590163934426,
      0.7868852459016393,
      0.8360655737704918,
      0.8666666666666667
    ],
    "test_precision": [
      0.7358490566037735,
      0.8695652173913043,
      0.8125,
      0.8695652173913043,
      0.8888888888888888
    ],
    "test_recall": [
      0.9069767441860465,
      0.9302325581395349,
      0.9069767441860465,
      0.9090909090909091,
      0.9302325581395349
    ],
    "test_f1": [
      0.8125,
      0.898876404494382,
      0.8571428571428571,
      0.8888888888888888,
      0.9090909090909091
    ]
  },
  "logreg_tuned": {
    "test_roc_auc": [
      0.5568475452196382,
      0.8281653746770026,
      0.7551679586563307,
      0.8877005347593584,
      0.8242134062927496
    ],
    "test_accuracy": [
      0.8032786885245902,
      0.8688524590163934,
      0.8032786885245902,
      0.8360655737704918,
      0.8666666666666667
    ],
    "test_precision": [
      0.7818181818181819,
      0.8431372549019608,
      0.7924528301886793,
      0.8541666666666666,
      0.8723404255319149
    ],
    "test_recall": [
      1.0,
      1.0,
      0.9767441860465116,
      0.9318181818181818,
      0.9534883720930233
    ],
    "test_f1": [
      0.8775510204081632,
      0.9148936170212766,
      0.875,
      0.8913043478260869,
      0.9111111111111111
    ]
  },
  "rf_tuned": {
    "test_roc_auc": [
      0.6563307493540051,
      0.9031007751937985,
      0.8365633074935399,
      0.8248663101604278,
      0.8180574555403557
    ],
    "test_accuracy": [
      0.7377049180327869,
      0.8360655737704918,
      0.7868852459016393,
      0.8852459016393442,
      0.8666666666666667
    ],
    "test_precision": [
      0.7755102040816326,
      0.851063829787234,
      0.8,
      0.8775510204081632,
      0.8888888888888888
    ],
    "test_recall": [
      0.8837209302325582,
      0.9302325581395349,
      0.9302325581395349,
      0.9772727272727273,
      0.9302325581395349
    ],
    "test_f1": [
      0.8260869565217391,
      0.8888888888888888,
      0.8602150537634409,
      0.9247311827956989,
      0.9090909090909091
    ]
  },
  "xgb_tuned": {
    "test_roc_auc": [
      0.6395348837209303,
      0.9121447028423773,
      0.838501291989664,
      0.820855614973262,
      0.8303693570451436
    ],
    "test_accuracy": [
      0.7377049180327869,
      0.8360655737704918,
      0.7868852459016393,
      0.8852459016393442,
      0.8666666666666667
    ],
    "test_precision": [
      0.7647058823529411,
      0.851063829787234,
      0.8,
      0.8775510204081632,
      0.8888888888888888
    ],
    "test_recall": [
      0.9069767441860465,
      0.9302325581395349,
      0.9302325581395349,
      0.9772727272727273,
      0.9302325581395349
    ],
    "test_f1": [
      0.8297872340425532,
      0.8888888888888888,
      0.8602150537634409,
      0.9247311827956989,
      0.9090909090909091
    ]
  }
}